Name,CAS,SMILES,Pred. CN,Stdev. CN,Pred. YSI,Stdev. YSI,Pred. KV,Stdev. KV,Pred. CP,Stdev. CP,Pred. LHV,Stdev. LHV
2-cyclohexoxyl-tetrahydrofuran,1918-61-2,C1CCC(CC1)OC2CCCO2,55.81777,4.834027,48.134823,5.2186756,1.6146991,0.31194806,18.181778,2.7469923,34.990417,0.5972483
"1,1'-oxybiscyclohexane",4645-15-2 ,C1CCC(CC1)OC2CCCCC2,64.334114,5.15641,66.903206,7.088594,1.991368,0.43819994,10.778842,1.3889498,41.8366,0.71070635
"1,2-dimethoxycyclohexane",19752-95-5 ,COC1CCCCC1OC,54.608044,5.4213157,36.59044,3.051882,1.3320534,0.39056477,14.1190195,2.5962386,33.433025,0.5764338
Methoxycyclohexane,931-56-6 ,COC1CCCCC1,49.82155,4.5355988,38.488205,4.072305,0.8078662,0.19591698,9.528694,2.1050963,37.14406,0.5070501
"3,4,5-Methoxytoluene",6443-69-2,CC1=CC(=C(C(=C1)OC)OC)OC,16.274761,2.1411698,112.31253,23.8762,2.13001,0.40270242,28.688545,4.816198,31.980213,1.0783138
"3,4,5-Methoxybenzaldehyde",86-81-7,COC1=CC(=CC(=C1OC)OC)C=O,20.848574,3.1282823,84.973854,24.564037,3.070753,0.79954815,47.65085,8.9995775,29.279465,1.0314307
